<?xml version="1.0"?>
<DARoots Version="1" Minor="12">
	<FileSet Name="sources_1" Type="DesignSrcs" RelSrcDir="$PSRCDIR/sources_1">
		<Filter Type="Srcs"/>
		<File Path="$PPRDIR/../show_led.vhd">
		</File>
		<File Path="$PPRDIR/../reg_file.vhd">
		</File>
		<File Path="$PPRDIR/../pc.vhd">
		</File>
		<File Path="$PPRDIR/../mux16_2.vhd">
		</File>
		<File Path="$PPRDIR/../instruction_fetch.vhd">
		</File>
		<File Path="$PPRDIR/../data_ram.vhd">
		</File>
		<File Path="$PPRDIR/../controller.vhd">
		</File>
		<File Path="$PPRDIR/../branch_control.vhd">
		</File>
		<File Path="$PPRDIR/../alu.vhd">
		</File>
		<File Path="$PPRDIR/../top.vhf">
		</File>
		<Config>
			<Option Name="DesignMode" Val="RTL"/>
			<Option Name="TopModule" Val="top"/>
		</Config>
	</FileSet>
</DARoots>

