<?xml version="1.0" encoding="UTF-8"?>
<!-- IMPORTANT: This is an internal file that has been generated
     by the Xilinx ISE software.  Any direct editing or
     changes made to this file may result in unpredictable
     behavior or data corruption.  It is strongly advised that
     users do not edit the contents of this file. -->
<DeviceUsageSummary rev="149">
<DesignStatistics TimeStamp="Wed Nov 28 21:43:10 2012"><group name="NetStatistics">
<item name="NumNets_Active" rev="149">
<attrib name="value" value="2150"/></item>
<item name="NumNets_Gnd" rev="149">
<attrib name="value" value="1"/></item>
<item name="NumNets_Vcc" rev="149">
<attrib name="value" value="1"/></item>
<item name="NumNodesOfType_Active_BRAMADDR" rev="149">
<attrib name="value" value="44"/></item>
<item name="NumNodesOfType_Active_BRAMDUMMY" rev="149">
<attrib name="value" value="40"/></item>
<item name="NumNodesOfType_Active_CLKPIN" rev="149">
<attrib name="value" value="291"/></item>
<item name="NumNodesOfType_Active_CNTRLPIN" rev="149">
<attrib name="value" value="253"/></item>
<item name="NumNodesOfType_Active_DOUBLE" rev="149">
<attrib name="value" value="7086"/></item>
<item name="NumNodesOfType_Active_DUMMY" rev="149">
<attrib name="value" value="6443"/></item>
<item name="NumNodesOfType_Active_DUMMYBANK" rev="149">
<attrib name="value" value="34"/></item>
<item name="NumNodesOfType_Active_DUMMYESC" rev="149">
<attrib name="value" value="55"/></item>
<item name="NumNodesOfType_Active_GLOBAL" rev="149">
<attrib name="value" value="121"/></item>
<item name="NumNodesOfType_Active_HFULLHEX" rev="149">
<attrib name="value" value="108"/></item>
<item name="NumNodesOfType_Active_HLONG" rev="149">
<attrib name="value" value="45"/></item>
<item name="NumNodesOfType_Active_HUNIHEX" rev="149">
<attrib name="value" value="799"/></item>
<item name="NumNodesOfType_Active_INPUT" rev="149">
<attrib name="value" value="7194"/></item>
<item name="NumNodesOfType_Active_IOBOUTPUT" rev="149">
<attrib name="value" value="54"/></item>
<item name="NumNodesOfType_Active_OMUX" rev="149">
<attrib name="value" value="1629"/></item>
<item name="NumNodesOfType_Active_OUTPUT" rev="149">
<attrib name="value" value="1899"/></item>
<item name="NumNodesOfType_Active_PREBXBY" rev="149">
<attrib name="value" value="2047"/></item>
<item name="NumNodesOfType_Active_VFULLHEX" rev="149">
<attrib name="value" value="277"/></item>
<item name="NumNodesOfType_Active_VLONG" rev="149">
<attrib name="value" value="47"/></item>
<item name="NumNodesOfType_Active_VUNIHEX" rev="149">
<attrib name="value" value="727"/></item>
<item name="NumNodesOfType_Gnd_BRAMADDR" rev="149">
<attrib name="value" value="44"/></item>
<item name="NumNodesOfType_Gnd_BRAMDUMMY" rev="149">
<attrib name="value" value="36"/></item>
<item name="NumNodesOfType_Gnd_CLKPIN" rev="149">
<attrib name="value" value="4"/></item>
<item name="NumNodesOfType_Gnd_DOUBLE" rev="149">
<attrib name="value" value="23"/></item>
<item name="NumNodesOfType_Gnd_DUMMYBANK" rev="149">
<attrib name="value" value="21"/></item>
<item name="NumNodesOfType_Gnd_INPUT" rev="149">
<attrib name="value" value="100"/></item>
<item name="NumNodesOfType_Gnd_OMUX" rev="149">
<attrib name="value" value="39"/></item>
<item name="NumNodesOfType_Gnd_OUTPUT" rev="149">
<attrib name="value" value="19"/></item>
<item name="NumNodesOfType_Gnd_PREBXBY" rev="149">
<attrib name="value" value="4"/></item>
<item name="NumNodesOfType_Gnd_VFULLHEX" rev="149">
<attrib name="value" value="5"/></item>
</group>
<group name="MiscellaneousStatistics">
<item name="AGG_BONDED_IO" rev="148">
<attrib name="value" value="160"/></item>
<item name="AGG_IO" rev="148">
<attrib name="value" value="160"/></item>
<item name="AGG_SLICE" rev="148">
<attrib name="value" value="1065"/></item>
<item name="NUM_4_INPUT_LUT" rev="148">
<attrib name="value" value="1800"/></item>
<item name="NUM_BONDED_IBUF" rev="148">
<attrib name="value" value="41"/></item>
<item name="NUM_BONDED_IOB" rev="148">
<attrib name="value" value="119"/></item>
<item name="NUM_BUFGMUX" rev="148">
<attrib name="value" value="6"/></item>
<item name="NUM_CYMUX" rev="148">
<attrib name="value" value="138"/></item>
<item name="NUM_IOB_LATCH" rev="148">
<attrib name="value" value="34"/></item>
<item name="NUM_LUT_RT" rev="148">
<attrib name="value" value="35"/></item>
<item name="NUM_RAMB16" rev="148">
<attrib name="value" value="4"/></item>
<item name="NUM_SLICEL" rev="148">
<attrib name="value" value="1065"/></item>
<item name="NUM_SLICE_FF" rev="148">
<attrib name="value" value="320"/></item>
<item name="NUM_SLICE_LATCH" rev="148">
<attrib name="value" value="125"/></item>
<item name="NUM_XOR" rev="148">
<attrib name="value" value="80"/></item>
<item name="Xilinx Core blk_mem_gen_v6_1, Xilinx CORE Generator 13.1" rev="148">
<attrib name="value" value="2"/></item>
</group>
<group name="SiteStatistics">
<item name="IBUF-DIFFM" rev="149">
<attrib name="value" value="11"/></item>
<item name="IBUF-DIFFMI" rev="149">
<attrib name="value" value="5"/></item>
<item name="IBUF-DIFFS" rev="149">
<attrib name="value" value="10"/></item>
<item name="IBUF-DIFFSI" rev="149">
<attrib name="value" value="3"/></item>
<item name="IBUF-IOB" rev="149">
<attrib name="value" value="1"/></item>
<item name="IOB-DIFFM" rev="149">
<attrib name="value" value="51"/></item>
<item name="IOB-DIFFS" rev="149">
<attrib name="value" value="58"/></item>
<item name="SLICEL-SLICEM" rev="149">
<attrib name="value" value="523"/></item>
</group>
</DesignStatistics>
<DeviceUsage TimeStamp="Wed Nov 28 21:43:10 2012"><group name="SiteSummary">
<item name="BUFGMUX" rev="149">
<attrib name="total" value="1000000"/><attrib name="used" value="6"/></item>
<item name="BUFGMUX_GCLKMUX" rev="149">
<attrib name="total" value="1000000"/><attrib name="used" value="6"/></item>
<item name="BUFGMUX_GCLK_BUFFER" rev="149">
<attrib name="total" value="1000000"/><attrib name="used" value="6"/></item>
<item name="IBUF" rev="149">
<attrib name="total" value="1000000"/><attrib name="used" value="41"/></item>
<item name="IBUF_INBUF" rev="149">
<attrib name="total" value="1000000"/><attrib name="used" value="41"/></item>
<item name="IBUF_PAD" rev="149">
<attrib name="total" value="1000000"/><attrib name="used" value="41"/></item>
<item name="IOB" rev="149">
<attrib name="total" value="1000000"/><attrib name="used" value="119"/></item>
<item name="IOB_INBUF" rev="149">
<attrib name="total" value="1000000"/><attrib name="used" value="16"/></item>
<item name="IOB_OFF1" rev="149">
<attrib name="total" value="1000000"/><attrib name="used" value="18"/></item>
<item name="IOB_OUTBUF" rev="149">
<attrib name="total" value="1000000"/><attrib name="used" value="119"/></item>
<item name="IOB_PAD" rev="149">
<attrib name="total" value="1000000"/><attrib name="used" value="119"/></item>
<item name="IOB_TFF2" rev="149">
<attrib name="total" value="1000000"/><attrib name="used" value="16"/></item>
<item name="RAMB16" rev="149">
<attrib name="total" value="1000000"/><attrib name="used" value="4"/></item>
<item name="RAMB16_RAMB16" rev="149">
<attrib name="total" value="1000000"/><attrib name="used" value="4"/></item>
<item name="RAMB16_RAMB16A" rev="149">
<attrib name="total" value="1000000"/><attrib name="used" value="4"/></item>
<item name="RAMB16_RAMB16B" rev="149">
<attrib name="total" value="1000000"/><attrib name="used" value="4"/></item>
<item name="SLICEL" rev="149">
<attrib name="total" value="1000000"/><attrib name="used" value="1065"/></item>
<item name="SLICEL_C1VDD" rev="149">
<attrib name="total" value="1000000"/><attrib name="used" value="10"/></item>
<item name="SLICEL_C2VDD" rev="149">
<attrib name="total" value="1000000"/><attrib name="used" value="2"/></item>
<item name="SLICEL_CYMUXF" rev="149">
<attrib name="total" value="1000000"/><attrib name="used" value="75"/></item>
<item name="SLICEL_CYMUXG" rev="149">
<attrib name="total" value="1000000"/><attrib name="used" value="63"/></item>
<item name="SLICEL_F" rev="149">
<attrib name="total" value="1000000"/><attrib name="used" value="928"/></item>
<item name="SLICEL_F5MUX" rev="149">
<attrib name="total" value="1000000"/><attrib name="used" value="235"/></item>
<item name="SLICEL_F6MUX" rev="149">
<attrib name="total" value="1000000"/><attrib name="used" value="1"/></item>
<item name="SLICEL_FFX" rev="149">
<attrib name="total" value="1000000"/><attrib name="used" value="228"/></item>
<item name="SLICEL_FFY" rev="149">
<attrib name="total" value="1000000"/><attrib name="used" value="217"/></item>
<item name="SLICEL_G" rev="149">
<attrib name="total" value="1000000"/><attrib name="used" value="872"/></item>
<item name="SLICEL_GNDF" rev="149">
<attrib name="total" value="1000000"/><attrib name="used" value="19"/></item>
<item name="SLICEL_GNDG" rev="149">
<attrib name="total" value="1000000"/><attrib name="used" value="19"/></item>
<item name="SLICEL_XORF" rev="149">
<attrib name="total" value="1000000"/><attrib name="used" value="40"/></item>
<item name="SLICEL_XORG" rev="149">
<attrib name="total" value="1000000"/><attrib name="used" value="40"/></item>
</group>
</DeviceUsage>
<ReportConfigData TimeStamp="Wed Nov 28 21:43:10 2012"><group name="IBUF_PAD">
<item name="IOATTRBOX" rev="149">
<attrib name="LVCMOS25" value="41"/></item>
</group>
<group name="IBUF_INBUF">
<item name="IFD_DELAY_VALUE" rev="98">
<attrib name="DLY3" value="1"/></item>
</group>
<group name="SLICEM_G">
<item name="DI" rev="76">
<attrib name="DI" value="1"/><attrib name="DI_INV" value="0"/></item>
<item name="G_ATTR" rev="76">
<attrib name="SHIFT_REG" value="1"/></item>
<item name="LUT_OR_MEM" rev="76">
<attrib name="RAM" value="1"/></item>
</group>
<group name="SLICEL">
<item name="BX" rev="149">
<attrib name="BX_INV" value="0"/><attrib name="BX" value="364"/></item>
<item name="BY" rev="149">
<attrib name="BY" value="171"/><attrib name="BY_INV" value="1"/></item>
<item name="CE" rev="149">
<attrib name="CE" value="147"/><attrib name="CE_INV" value="9"/></item>
<item name="CIN" rev="149">
<attrib name="CIN_INV" value="0"/><attrib name="CIN" value="61"/></item>
<item name="CLK" rev="149">
<attrib name="CLK" value="191"/><attrib name="CLK_INV" value="110"/></item>
<item name="SR" rev="149">
<attrib name="SR" value="43"/><attrib name="SR_INV" value="6"/></item>
</group>
<group name="SLICEM_WSGEN">
<item name="CK" rev="76">
<attrib name="CK" value="1"/><attrib name="CK_INV" value="0"/></item>
<item name="SYNC_ATTR" rev="76">
<attrib name="ASYNC" value="1"/></item>
<item name="WE" rev="76">
<attrib name="WE_INV" value="0"/><attrib name="WE" value="1"/></item>
</group>
<group name="SLICEM">
<item name="BX" rev="76">
<attrib name="BX_INV" value="0"/><attrib name="BX" value="1"/></item>
<item name="BY" rev="76">
<attrib name="BY" value="1"/><attrib name="BY_INV" value="0"/></item>
<item name="CLK" rev="76">
<attrib name="CLK" value="1"/><attrib name="CLK_INV" value="0"/></item>
<item name="SR" rev="76">
<attrib name="SR" value="1"/><attrib name="SR_INV" value="0"/></item>
</group>
<group name="RAMB16">
<item name="CLKA" rev="149">
<attrib name="CLKA_INV" value="0"/><attrib name="CLKA" value="4"/></item>
<item name="CLKB" rev="149">
<attrib name="CLKB_INV" value="0"/><attrib name="CLKB" value="4"/></item>
<item name="ENA" rev="149">
<attrib name="ENA_INV" value="2"/><attrib name="ENA" value="2"/></item>
<item name="ENB" rev="149">
<attrib name="ENB_INV" value="0"/><attrib name="ENB" value="4"/></item>
<item name="SSRA" rev="149">
<attrib name="SSRA_INV" value="0"/><attrib name="SSRA" value="4"/></item>
<item name="SSRB" rev="149">
<attrib name="SSRB_INV" value="0"/><attrib name="SSRB" value="4"/></item>
<item name="WEA" rev="149">
<attrib name="WEA" value="2"/><attrib name="WEA_INV" value="2"/></item>
<item name="WEB" rev="149">
<attrib name="WEB" value="4"/><attrib name="WEB_INV" value="0"/></item>
</group>
<group name="IOB_OFF1">
<item name="CK" rev="149">
<attrib name="CK" value="16"/><attrib name="CK_INV" value="2"/></item>
<item name="D" rev="149">
<attrib name="D" value="18"/><attrib name="D_INV" value="0"/></item>
<item name="LATCH_OR_FF" rev="149">
<attrib name="LATCH" value="18"/></item>
<item name="OFF1_INIT_ATTR" rev="149">
<attrib name="INIT0" value="18"/></item>
<item name="OFF1_SR_ATTR" rev="149">
<attrib name="SRLOW" value="16"/></item>
<item name="OFFATTRBOX" rev="149">
<attrib name="ASYNC" value="16"/></item>
<item name="REV" rev="149">
<attrib name="REV_INV" value="0"/><attrib name="REV" value="16"/></item>
<item name="SR" rev="149">
<attrib name="SR" value="16"/><attrib name="SR_INV" value="0"/></item>
</group>
<group name="IOB_OUTBUF">
<item name="IN" rev="149">
<attrib name="IN_INV" value="17"/><attrib name="IN" value="102"/></item>
<item name="TRI" rev="149">
<attrib name="TRI_INV" value="0"/><attrib name="TRI" value="16"/></item>
</group>
<group name="SLICEL_CYMUXF">
<item name="0" rev="149">
<attrib name="0" value="75"/><attrib name="0_INV" value="0"/></item>
<item name="1" rev="149">
<attrib name="1_INV" value="0"/><attrib name="1" value="75"/></item>
</group>
<group name="SLICEL_CYMUXG">
<item name="0" rev="149">
<attrib name="0" value="63"/><attrib name="0_INV" value="0"/></item>
</group>
<group name="BUFGMUX_GCLKMUX">
<item name="DISABLE_ATTR" rev="149">
<attrib name="LOW" value="6"/></item>
<item name="S" rev="149">
<attrib name="S_INV" value="6"/><attrib name="S" value="0"/></item>
</group>
<group name="IBUF">
<item name="ICE" rev="98">
<attrib name="ICE" value="1"/><attrib name="ICE_INV" value="0"/></item>
<item name="ICLK1" rev="98">
<attrib name="ICLK1_INV" value="1"/><attrib name="ICLK1" value="0"/></item>
</group>
<group name="IOB_TFF2">
<item name="CK" rev="149">
<attrib name="CK" value="0"/><attrib name="CK_INV" value="16"/></item>
<item name="D" rev="149">
<attrib name="D" value="16"/><attrib name="D_INV" value="0"/></item>
<item name="LATCH_OR_FF" rev="149">
<attrib name="LATCH" value="16"/></item>
<item name="TFF2_INIT_ATTR" rev="149">
<attrib name="INIT0" value="16"/></item>
</group>
<group name="SLICEL_FFX">
<item name="CE" rev="149">
<attrib name="CE" value="134"/><attrib name="CE_INV" value="8"/></item>
<item name="CK" rev="149">
<attrib name="CK" value="137"/><attrib name="CK_INV" value="91"/></item>
<item name="D" rev="149">
<attrib name="D" value="228"/><attrib name="D_INV" value="0"/></item>
<item name="FFX_INIT_ATTR" rev="149">
<attrib name="INIT0" value="222"/><attrib name="INIT1" value="6"/></item>
<item name="FFX_SR_ATTR" rev="149">
<attrib name="SRLOW" value="222"/><attrib name="SRHIGH" value="6"/></item>
<item name="LATCH_OR_FF" rev="149">
<attrib name="FF" value="169"/><attrib name="LATCH" value="59"/></item>
<item name="SR" rev="149">
<attrib name="SR" value="4"/><attrib name="SR_INV" value="6"/></item>
<item name="SYNC_ATTR" rev="149">
<attrib name="ASYNC" value="224"/><attrib name="SYNC" value="4"/></item>
</group>
<group name="SLICEL_XORF">
<item name="1" rev="149">
<attrib name="1_INV" value="0"/><attrib name="1" value="40"/></item>
</group>
<group name="SLICEL_FFY">
<item name="CE" rev="149">
<attrib name="CE" value="126"/><attrib name="CE_INV" value="8"/></item>
<item name="CK" rev="149">
<attrib name="CK" value="159"/><attrib name="CK_INV" value="58"/></item>
<item name="D" rev="149">
<attrib name="D" value="216"/><attrib name="D_INV" value="1"/></item>
<item name="FFY_INIT_ATTR" rev="149">
<attrib name="INIT0" value="216"/><attrib name="INIT1" value="1"/></item>
<item name="FFY_SR_ATTR" rev="149">
<attrib name="SRLOW" value="215"/><attrib name="SRHIGH" value="2"/></item>
<item name="LATCH_OR_FF" rev="149">
<attrib name="FF" value="151"/><attrib name="LATCH" value="66"/></item>
<item name="REV" rev="149">
<attrib name="REV_INV" value="0"/><attrib name="REV" value="33"/></item>
<item name="SR" rev="149">
<attrib name="SR" value="39"/><attrib name="SR_INV" value="1"/></item>
<item name="SYNC_ATTR" rev="149">
<attrib name="ASYNC" value="211"/><attrib name="SYNC" value="6"/></item>
</group>
<group name="RAMB16_RAMB16A">
<item name="CLKA" rev="149">
<attrib name="CLKA_INV" value="0"/><attrib name="CLKA" value="4"/></item>
<item name="ENA" rev="149">
<attrib name="ENA_INV" value="2"/><attrib name="ENA" value="2"/></item>
<item name="PORTA_ATTR" rev="149">
<attrib name="2048X9" value="4"/></item>
<item name="SSRA" rev="149">
<attrib name="SSRA_INV" value="0"/><attrib name="SSRA" value="4"/></item>
<item name="WEA" rev="149">
<attrib name="WEA" value="2"/><attrib name="WEA_INV" value="2"/></item>
<item name="WRITEMODEA" rev="149">
<attrib name="WRITE_FIRST" value="4"/></item>
</group>
<group name="SLICEL_F6MUX">
<item name="S0" rev="149">
<attrib name="S0" value="1"/><attrib name="S0_INV" value="0"/></item>
</group>
<group name="RAMB16_RAMB16B">
<item name="CLKB" rev="149">
<attrib name="CLKB_INV" value="0"/><attrib name="CLKB" value="4"/></item>
<item name="ENB" rev="149">
<attrib name="ENB_INV" value="0"/><attrib name="ENB" value="4"/></item>
<item name="PORTB_ATTR" rev="149">
<attrib name="2048X9" value="4"/></item>
<item name="SSRB" rev="149">
<attrib name="SSRB_INV" value="0"/><attrib name="SSRB" value="4"/></item>
<item name="WEB" rev="149">
<attrib name="WEB" value="4"/><attrib name="WEB_INV" value="0"/></item>
<item name="WRITEMODEB" rev="149">
<attrib name="WRITE_FIRST" value="4"/></item>
</group>
<group name="IBUF_IFF1">
<item name="CE" rev="98">
<attrib name="CE" value="1"/><attrib name="CE_INV" value="0"/></item>
<item name="CK" rev="98">
<attrib name="CK" value="0"/><attrib name="CK_INV" value="1"/></item>
<item name="IFF1_INIT_ATTR" rev="98">
<attrib name="INIT0" value="1"/></item>
<item name="LATCH_OR_FF" rev="98">
<attrib name="LATCH" value="1"/></item>
</group>
<group name="SLICEM_FFX">
<item name="CK" rev="76">
<attrib name="CK" value="1"/><attrib name="CK_INV" value="0"/></item>
<item name="D" rev="76">
<attrib name="D" value="1"/><attrib name="D_INV" value="0"/></item>
<item name="FFX_INIT_ATTR" rev="76">
<attrib name="INIT0" value="1"/></item>
<item name="FFX_SR_ATTR" rev="76">
<attrib name="SRLOW" value="1"/></item>
<item name="LATCH_OR_FF" rev="76">
<attrib name="FF" value="1"/></item>
<item name="SYNC_ATTR" rev="76">
<attrib name="ASYNC" value="1"/></item>
</group>
<group name="SLICEM_FFY">
<item name="CK" rev="76">
<attrib name="CK" value="1"/><attrib name="CK_INV" value="0"/></item>
<item name="D" rev="76">
<attrib name="D" value="1"/><attrib name="D_INV" value="0"/></item>
<item name="FFY_INIT_ATTR" rev="76">
<attrib name="INIT0" value="1"/></item>
<item name="FFY_SR_ATTR" rev="76">
<attrib name="SRLOW" value="1"/></item>
<item name="LATCH_OR_FF" rev="76">
<attrib name="FF" value="1"/></item>
<item name="SYNC_ATTR" rev="76">
<attrib name="ASYNC" value="1"/></item>
</group>
<group name="IOB_PAD">
<item name="DRIVEATTRBOX" rev="149">
<attrib name="12" value="119"/></item>
<item name="IOATTRBOX" rev="149">
<attrib name="LVCMOS25" value="119"/></item>
<item name="SLEW" rev="149">
<attrib name="SLOW" value="119"/></item>
</group>
<group name="IOB">
<item name="O1" rev="149">
<attrib name="O1_INV" value="17"/><attrib name="O1" value="102"/></item>
<item name="OTCLK1" rev="149">
<attrib name="OTCLK1_INV" value="2"/><attrib name="OTCLK1" value="16"/></item>
<item name="OTCLK2" rev="149">
<attrib name="OTCLK2_INV" value="16"/><attrib name="OTCLK2" value="0"/></item>
<item name="REV" rev="149">
<attrib name="REV_INV" value="0"/><attrib name="REV" value="16"/></item>
<item name="SR" rev="149">
<attrib name="SR" value="16"/><attrib name="SR_INV" value="0"/></item>
<item name="T2" rev="149">
<attrib name="T2" value="16"/><attrib name="T2_INV" value="0"/></item>
</group>
<group name="BUFGMUX">
<item name="S" rev="149">
<attrib name="S_INV" value="6"/><attrib name="S" value="0"/></item>
</group>
<group name="SLICEL_F5MUX">
<item name="S0" rev="149">
<attrib name="S0" value="235"/><attrib name="S0_INV" value="0"/></item>
</group>
</ReportConfigData>
<ReportPinData TimeStamp="Wed Nov 28 21:43:10 2012"><group name="IBUF_PAD">
<item name="PAD" rev="149">
<attrib name="value" value="41"/></item>
</group>
<group name="IBUF_INBUF">
<item name="IN" rev="149">
<attrib name="value" value="41"/></item>
<item name="OUT" rev="149">
<attrib name="value" value="41"/></item>
</group>
<group name="SLICEM_G">
<item name="A1" rev="76">
<attrib name="value" value="1"/></item>
<item name="A2" rev="76">
<attrib name="value" value="1"/></item>
<item name="A3" rev="76">
<attrib name="value" value="1"/></item>
<item name="A4" rev="76">
<attrib name="value" value="1"/></item>
<item name="D" rev="76">
<attrib name="value" value="1"/></item>
<item name="DI" rev="76">
<attrib name="value" value="1"/></item>
<item name="WS" rev="76">
<attrib name="value" value="1"/></item>
</group>
<group name="SLICEL">
<item name="BX" rev="149">
<attrib name="value" value="364"/></item>
<item name="BY" rev="149">
<attrib name="value" value="172"/></item>
<item name="CE" rev="149">
<attrib name="value" value="156"/></item>
<item name="CIN" rev="149">
<attrib name="value" value="61"/></item>
<item name="CLK" rev="149">
<attrib name="value" value="301"/></item>
<item name="COUT" rev="149">
<attrib name="value" value="63"/></item>
<item name="F1" rev="149">
<attrib name="value" value="922"/></item>
<item name="F2" rev="149">
<attrib name="value" value="904"/></item>
<item name="F3" rev="149">
<attrib name="value" value="845"/></item>
<item name="F4" rev="149">
<attrib name="value" value="693"/></item>
<item name="F5" rev="149">
<attrib name="value" value="2"/></item>
<item name="FXINA" rev="149">
<attrib name="value" value="1"/></item>
<item name="FXINB" rev="149">
<attrib name="value" value="1"/></item>
<item name="G1" rev="149">
<attrib name="value" value="866"/></item>
<item name="G2" rev="149">
<attrib name="value" value="846"/></item>
<item name="G3" rev="149">
<attrib name="value" value="785"/></item>
<item name="G4" rev="149">
<attrib name="value" value="563"/></item>
<item name="SR" rev="149">
<attrib name="value" value="49"/></item>
<item name="X" rev="149">
<attrib name="value" value="807"/></item>
<item name="XB" rev="149">
<attrib name="value" value="5"/></item>
<item name="XQ" rev="149">
<attrib name="value" value="228"/></item>
<item name="Y" rev="149">
<attrib name="value" value="569"/></item>
<item name="YQ" rev="149">
<attrib name="value" value="217"/></item>
</group>
<group name="SLICEM_WSGEN">
<item name="CK" rev="76">
<attrib name="value" value="1"/></item>
<item name="WE" rev="76">
<attrib name="value" value="1"/></item>
<item name="WSG" rev="76">
<attrib name="value" value="1"/></item>
</group>
<group name="SLICEM">
<item name="BX" rev="76">
<attrib name="value" value="1"/></item>
<item name="BY" rev="76">
<attrib name="value" value="1"/></item>
<item name="CLK" rev="76">
<attrib name="value" value="1"/></item>
<item name="G1" rev="76">
<attrib name="value" value="1"/></item>
<item name="G2" rev="76">
<attrib name="value" value="1"/></item>
<item name="G3" rev="76">
<attrib name="value" value="1"/></item>
<item name="G4" rev="76">
<attrib name="value" value="1"/></item>
<item name="SR" rev="76">
<attrib name="value" value="1"/></item>
<item name="XQ" rev="76">
<attrib name="value" value="1"/></item>
<item name="YQ" rev="76">
<attrib name="value" value="1"/></item>
</group>
<group name="RAMB16">
<item name="ADDRA10" rev="149">
<attrib name="value" value="4"/></item>
<item name="ADDRA11" rev="149">
<attrib name="value" value="4"/></item>
<item name="ADDRA12" rev="149">
<attrib name="value" value="4"/></item>
<item name="ADDRA13" rev="149">
<attrib name="value" value="4"/></item>
<item name="ADDRA3" rev="149">
<attrib name="value" value="4"/></item>
<item name="ADDRA4" rev="149">
<attrib name="value" value="4"/></item>
<item name="ADDRA5" rev="149">
<attrib name="value" value="4"/></item>
<item name="ADDRA6" rev="149">
<attrib name="value" value="4"/></item>
<item name="ADDRA7" rev="149">
<attrib name="value" value="4"/></item>
<item name="ADDRA8" rev="149">
<attrib name="value" value="4"/></item>
<item name="ADDRA9" rev="149">
<attrib name="value" value="4"/></item>
<item name="ADDRB10" rev="149">
<attrib name="value" value="4"/></item>
<item name="ADDRB11" rev="149">
<attrib name="value" value="4"/></item>
<item name="ADDRB12" rev="149">
<attrib name="value" value="4"/></item>
<item name="ADDRB13" rev="149">
<attrib name="value" value="4"/></item>
<item name="ADDRB3" rev="149">
<attrib name="value" value="4"/></item>
<item name="ADDRB4" rev="149">
<attrib name="value" value="4"/></item>
<item name="ADDRB5" rev="149">
<attrib name="value" value="4"/></item>
<item name="ADDRB6" rev="149">
<attrib name="value" value="4"/></item>
<item name="ADDRB7" rev="149">
<attrib name="value" value="4"/></item>
<item name="ADDRB8" rev="149">
<attrib name="value" value="4"/></item>
<item name="ADDRB9" rev="149">
<attrib name="value" value="4"/></item>
<item name="CLKA" rev="149">
<attrib name="value" value="4"/></item>
<item name="CLKB" rev="149">
<attrib name="value" value="4"/></item>
<item name="DIB0" rev="149">
<attrib name="value" value="2"/></item>
<item name="DIB1" rev="149">
<attrib name="value" value="2"/></item>
<item name="DIB2" rev="149">
<attrib name="value" value="2"/></item>
<item name="DIB3" rev="149">
<attrib name="value" value="2"/></item>
<item name="DIB4" rev="149">
<attrib name="value" value="2"/></item>
<item name="DIB5" rev="149">
<attrib name="value" value="2"/></item>
<item name="DIB6" rev="149">
<attrib name="value" value="2"/></item>
<item name="DIB7" rev="149">
<attrib name="value" value="2"/></item>
<item name="DIPB0" rev="149">
<attrib name="value" value="2"/></item>
<item name="DOA0" rev="149">
<attrib name="value" value="4"/></item>
<item name="DOA1" rev="149">
<attrib name="value" value="4"/></item>
<item name="DOA2" rev="149">
<attrib name="value" value="4"/></item>
<item name="DOA3" rev="149">
<attrib name="value" value="4"/></item>
<item name="DOA4" rev="149">
<attrib name="value" value="4"/></item>
<item name="DOA5" rev="149">
<attrib name="value" value="4"/></item>
<item name="DOA6" rev="149">
<attrib name="value" value="4"/></item>
<item name="DOA7" rev="149">
<attrib name="value" value="4"/></item>
<item name="DOPA0" rev="149">
<attrib name="value" value="4"/></item>
<item name="ENA" rev="149">
<attrib name="value" value="4"/></item>
<item name="ENB" rev="149">
<attrib name="value" value="4"/></item>
<item name="SSRA" rev="149">
<attrib name="value" value="4"/></item>
<item name="SSRB" rev="149">
<attrib name="value" value="4"/></item>
<item name="WEA" rev="149">
<attrib name="value" value="4"/></item>
<item name="WEB" rev="149">
<attrib name="value" value="4"/></item>
</group>
<group name="IOB_OFF1">
<item name="CK" rev="149">
<attrib name="value" value="18"/></item>
<item name="D" rev="149">
<attrib name="value" value="18"/></item>
<item name="Q" rev="149">
<attrib name="value" value="18"/></item>
<item name="REV" rev="149">
<attrib name="value" value="16"/></item>
<item name="SR" rev="149">
<attrib name="value" value="16"/></item>
</group>
<group name="RAMB16_RAMB16">
<item name="ADDRA" rev="149">
<attrib name="value" value="4"/></item>
<item name="ADDRB" rev="149">
<attrib name="value" value="4"/></item>
<item name="DIA" rev="149">
<attrib name="value" value="4"/></item>
<item name="DIB" rev="149">
<attrib name="value" value="4"/></item>
<item name="DOA" rev="149">
<attrib name="value" value="4"/></item>
<item name="DOB" rev="149">
<attrib name="value" value="4"/></item>
</group>
<group name="IOB_OUTBUF">
<item name="IN" rev="149">
<attrib name="value" value="119"/></item>
<item name="OUT" rev="149">
<attrib name="value" value="119"/></item>
<item name="TRI" rev="149">
<attrib name="value" value="16"/></item>
</group>
<group name="SLICEL_CYMUXF">
<item name="0" rev="149">
<attrib name="value" value="75"/></item>
<item name="1" rev="149">
<attrib name="value" value="75"/></item>
<item name="OUT" rev="149">
<attrib name="value" value="75"/></item>
<item name="S0" rev="149">
<attrib name="value" value="75"/></item>
</group>
<group name="SLICEL_CYMUXG">
<item name="0" rev="149">
<attrib name="value" value="63"/></item>
<item name="1" rev="149">
<attrib name="value" value="63"/></item>
<item name="OUT" rev="149">
<attrib name="value" value="63"/></item>
<item name="S0" rev="149">
<attrib name="value" value="63"/></item>
</group>
<group name="BUFGMUX_GCLKMUX">
<item name="I0" rev="149">
<attrib name="value" value="6"/></item>
<item name="OUT" rev="149">
<attrib name="value" value="6"/></item>
<item name="S" rev="149">
<attrib name="value" value="6"/></item>
</group>
<group name="SLICEL_C1VDD">
<item name="1" rev="149">
<attrib name="value" value="10"/></item>
</group>
<group name="IBUF">
<item name="I" rev="149">
<attrib name="value" value="41"/></item>
<item name="PAD" rev="149">
<attrib name="value" value="41"/></item>
</group>
<group name="IOB_TFF2">
<item name="CK" rev="149">
<attrib name="value" value="16"/></item>
<item name="D" rev="149">
<attrib name="value" value="16"/></item>
<item name="Q" rev="149">
<attrib name="value" value="16"/></item>
</group>
<group name="IOB_INBUF">
<item name="IN" rev="149">
<attrib name="value" value="16"/></item>
<item name="OUT" rev="149">
<attrib name="value" value="16"/></item>
</group>
<group name="SLICEL_FFX">
<item name="CE" rev="149">
<attrib name="value" value="142"/></item>
<item name="CK" rev="149">
<attrib name="value" value="228"/></item>
<item name="D" rev="149">
<attrib name="value" value="228"/></item>
<item name="Q" rev="149">
<attrib name="value" value="228"/></item>
<item name="SR" rev="149">
<attrib name="value" value="10"/></item>
</group>
<group name="SLICEL_XORF">
<item name="0" rev="149">
<attrib name="value" value="40"/></item>
<item name="1" rev="149">
<attrib name="value" value="40"/></item>
<item name="O" rev="149">
<attrib name="value" value="40"/></item>
</group>
<group name="SLICEL_FFY">
<item name="CE" rev="149">
<attrib name="value" value="134"/></item>
<item name="CK" rev="149">
<attrib name="value" value="217"/></item>
<item name="D" rev="149">
<attrib name="value" value="217"/></item>
<item name="Q" rev="149">
<attrib name="value" value="217"/></item>
<item name="REV" rev="149">
<attrib name="value" value="33"/></item>
<item name="SR" rev="149">
<attrib name="value" value="40"/></item>
</group>
<group name="SLICEL_XORG">
<item name="0" rev="149">
<attrib name="value" value="40"/></item>
<item name="1" rev="149">
<attrib name="value" value="40"/></item>
<item name="O" rev="149">
<attrib name="value" value="40"/></item>
</group>
<group name="RAMB16_RAMB16A">
<item name="ADDRA" rev="149">
<attrib name="value" value="4"/></item>
<item name="ADDRA10" rev="149">
<attrib name="value" value="4"/></item>
<item name="ADDRA11" rev="149">
<attrib name="value" value="4"/></item>
<item name="ADDRA12" rev="149">
<attrib name="value" value="4"/></item>
<item name="ADDRA13" rev="149">
<attrib name="value" value="4"/></item>
<item name="ADDRA3" rev="149">
<attrib name="value" value="4"/></item>
<item name="ADDRA4" rev="149">
<attrib name="value" value="4"/></item>
<item name="ADDRA5" rev="149">
<attrib name="value" value="4"/></item>
<item name="ADDRA6" rev="149">
<attrib name="value" value="4"/></item>
<item name="ADDRA7" rev="149">
<attrib name="value" value="4"/></item>
<item name="ADDRA8" rev="149">
<attrib name="value" value="4"/></item>
<item name="ADDRA9" rev="149">
<attrib name="value" value="4"/></item>
<item name="CLKA" rev="149">
<attrib name="value" value="4"/></item>
<item name="DIA" rev="149">
<attrib name="value" value="4"/></item>
<item name="DOA" rev="149">
<attrib name="value" value="4"/></item>
<item name="DOA0" rev="149">
<attrib name="value" value="4"/></item>
<item name="DOA1" rev="149">
<attrib name="value" value="4"/></item>
<item name="DOA2" rev="149">
<attrib name="value" value="4"/></item>
<item name="DOA3" rev="149">
<attrib name="value" value="4"/></item>
<item name="DOA4" rev="149">
<attrib name="value" value="4"/></item>
<item name="DOA5" rev="149">
<attrib name="value" value="4"/></item>
<item name="DOA6" rev="149">
<attrib name="value" value="4"/></item>
<item name="DOA7" rev="149">
<attrib name="value" value="4"/></item>
<item name="DOPA0" rev="149">
<attrib name="value" value="4"/></item>
<item name="ENA" rev="149">
<attrib name="value" value="4"/></item>
<item name="SSRA" rev="149">
<attrib name="value" value="4"/></item>
<item name="WEA" rev="149">
<attrib name="value" value="4"/></item>
</group>
<group name="SLICEL_F6MUX">
<item name="0" rev="149">
<attrib name="value" value="1"/></item>
<item name="1" rev="149">
<attrib name="value" value="1"/></item>
<item name="OUT" rev="149">
<attrib name="value" value="1"/></item>
<item name="S0" rev="149">
<attrib name="value" value="1"/></item>
</group>
<group name="RAMB16_RAMB16B">
<item name="ADDRB" rev="149">
<attrib name="value" value="4"/></item>
<item name="ADDRB10" rev="149">
<attrib name="value" value="4"/></item>
<item name="ADDRB11" rev="149">
<attrib name="value" value="4"/></item>
<item name="ADDRB12" rev="149">
<attrib name="value" value="4"/></item>
<item name="ADDRB13" rev="149">
<attrib name="value" value="4"/></item>
<item name="ADDRB3" rev="149">
<attrib name="value" value="4"/></item>
<item name="ADDRB4" rev="149">
<attrib name="value" value="4"/></item>
<item name="ADDRB5" rev="149">
<attrib name="value" value="4"/></item>
<item name="ADDRB6" rev="149">
<attrib name="value" value="4"/></item>
<item name="ADDRB7" rev="149">
<attrib name="value" value="4"/></item>
<item name="ADDRB8" rev="149">
<attrib name="value" value="4"/></item>
<item name="ADDRB9" rev="149">
<attrib name="value" value="4"/></item>
<item name="CLKB" rev="149">
<attrib name="value" value="4"/></item>
<item name="DIB" rev="149">
<attrib name="value" value="4"/></item>
<item name="DIB0" rev="149">
<attrib name="value" value="2"/></item>
<item name="DIB1" rev="149">
<attrib name="value" value="2"/></item>
<item name="DIB2" rev="149">
<attrib name="value" value="2"/></item>
<item name="DIB3" rev="149">
<attrib name="value" value="2"/></item>
<item name="DIB4" rev="149">
<attrib name="value" value="2"/></item>
<item name="DIB5" rev="149">
<attrib name="value" value="2"/></item>
<item name="DIB6" rev="149">
<attrib name="value" value="2"/></item>
<item name="DIB7" rev="149">
<attrib name="value" value="2"/></item>
<item name="DIPB0" rev="149">
<attrib name="value" value="2"/></item>
<item name="DOB" rev="149">
<attrib name="value" value="4"/></item>
<item name="ENB" rev="149">
<attrib name="value" value="4"/></item>
<item name="SSRB" rev="149">
<attrib name="value" value="4"/></item>
<item name="WEB" rev="149">
<attrib name="value" value="4"/></item>
</group>
<group name="IBUF_IFF1">
<item name="CE" rev="98">
<attrib name="value" value="1"/></item>
<item name="CK" rev="98">
<attrib name="value" value="1"/></item>
<item name="D" rev="98">
<attrib name="value" value="1"/></item>
<item name="Q" rev="98">
<attrib name="value" value="1"/></item>
</group>
<group name="SLICEM_FFX">
<item name="CK" rev="76">
<attrib name="value" value="1"/></item>
<item name="D" rev="76">
<attrib name="value" value="1"/></item>
<item name="Q" rev="76">
<attrib name="value" value="1"/></item>
</group>
<group name="SLICEM_FFY">
<item name="CK" rev="76">
<attrib name="value" value="1"/></item>
<item name="D" rev="76">
<attrib name="value" value="1"/></item>
<item name="Q" rev="76">
<attrib name="value" value="1"/></item>
</group>
<group name="IOB_PAD">
<item name="PAD" rev="149">
<attrib name="value" value="119"/></item>
</group>
<group name="IOB">
<item name="I" rev="149">
<attrib name="value" value="16"/></item>
<item name="O1" rev="149">
<attrib name="value" value="119"/></item>
<item name="OTCLK1" rev="149">
<attrib name="value" value="18"/></item>
<item name="OTCLK2" rev="149">
<attrib name="value" value="16"/></item>
<item name="PAD" rev="149">
<attrib name="value" value="119"/></item>
<item name="REV" rev="149">
<attrib name="value" value="16"/></item>
<item name="SR" rev="149">
<attrib name="value" value="16"/></item>
<item name="T2" rev="149">
<attrib name="value" value="16"/></item>
</group>
<group name="BUFGMUX">
<item name="I0" rev="149">
<attrib name="value" value="6"/></item>
<item name="O" rev="149">
<attrib name="value" value="6"/></item>
<item name="S" rev="149">
<attrib name="value" value="6"/></item>
</group>
<group name="SLICEL_C2VDD">
<item name="1" rev="149">
<attrib name="value" value="2"/></item>
</group>
<group name="BUFGMUX_GCLK_BUFFER">
<item name="IN" rev="149">
<attrib name="value" value="6"/></item>
<item name="OUT" rev="149">
<attrib name="value" value="6"/></item>
</group>
<group name="SLICEL_F">
<item name="A1" rev="149">
<attrib name="value" value="922"/></item>
<item name="A2" rev="149">
<attrib name="value" value="904"/></item>
<item name="A3" rev="149">
<attrib name="value" value="845"/></item>
<item name="A4" rev="149">
<attrib name="value" value="693"/></item>
<item name="D" rev="149">
<attrib name="value" value="928"/></item>
</group>
<group name="SLICEL_F5MUX">
<item name="F" rev="149">
<attrib name="value" value="235"/></item>
<item name="G" rev="149">
<attrib name="value" value="235"/></item>
<item name="OUT" rev="149">
<attrib name="value" value="235"/></item>
<item name="S0" rev="149">
<attrib name="value" value="235"/></item>
</group>
<group name="SLICEL_G">
<item name="A1" rev="149">
<attrib name="value" value="866"/></item>
<item name="A2" rev="149">
<attrib name="value" value="846"/></item>
<item name="A3" rev="149">
<attrib name="value" value="785"/></item>
<item name="A4" rev="149">
<attrib name="value" value="563"/></item>
<item name="D" rev="149">
<attrib name="value" value="872"/></item>
</group>
<group name="SLICEL_GNDF">
<item name="0" rev="149">
<attrib name="value" value="19"/></item>
</group>
<group name="SLICEL_GNDG">
<item name="0" rev="149">
<attrib name="value" value="19"/></item>
</group>
<group name="IBUF_IFD_DELAY">
<item name="IN" rev="98">
<attrib name="value" value="1"/></item>
<item name="OUT" rev="98">
<attrib name="value" value="1"/></item>
</group>
</ReportPinData>
<CmdHistory>
</CmdHistory>
</DeviceUsageSummary>
