#Release 13.1 - par O.40d (nt)
#Copyright (c) 1995-2011 Xilinx, Inc.  All rights reserved.

#Wed Nov 28 21:42:50 2012

#
## NOTE: This file is designed to be imported into a spreadsheet program
# such as Microsoft Excel for viewing, printing and sorting. The |
# character is used as the data field separator. This file is also designed
# to support parsing.
#
#INPUT FILE:       top_map.ncd
#OUTPUT FILE:      top_pad.csv
#PART TYPE:        xc3s1200e
#SPEED GRADE:      -4
#PACKAGE:          fg320
#
# Pinout by Pin Number:
# 
# -----,-----,-----,-----,-----,-----,-----,-----,-----,-----,-----,-----,-----,-----,-----,
Pin Number,Signal Name,Pin Usage,Pin Name,Direction,IO Standard,IO Bank Number,Drive (mA),Slew Rate,Termination,IOB Delay,Voltage,Constraint,IO Register,Signal Integrity,
A1,,,GND,,,,,,,,,,,,
A2,,,TDI,,,,,,,,,,,,
A3,,IBUF,IP,UNUSED,,0,,,,,,,,,
A4,r<2>,IOB,IO_L24P_0,OUTPUT,LVCMOS25*,0,12,SLOW,NONE**,,,LOCATED,NO,NONE,
A5,,DIFFMI,IP_L22P_0,UNUSED,,0,,,,,,,,,
A6,b<1>,IOB,IO_L20N_0,OUTPUT,LVCMOS25*,0,12,SLOW,NONE**,,,LOCATED,NO,NONE,
A7,r<0>,IOB,IO,OUTPUT,LVCMOS25*,0,12,SLOW,NONE**,,,LOCATED,NO,NONE,
A8,,IOB,IO,UNUSED,,0,,,,,,,,,
A9,,,VCCO_0,,,0,,,,,2.50,,,,
A10,,DIFFS,IO_L12N_0/GCLK7,UNUSED,,0,,,,,,,,,
A11,led<2>,IOB,IO,OUTPUT,LVCMOS25*,0,12,SLOW,NONE**,,,LOCATED,NO,NONE,
A12,led<8>,IOB,IO,OUTPUT,LVCMOS25*,0,12,SLOW,NONE**,,,LOCATED,NO,NONE,
A13,led<11>,IOB,IO_L05P_0,OUTPUT,LVCMOS25*,0,12,SLOW,NONE**,,,LOCATED,NO,NONE,
A14,led<15>,IOB,IO_L04N_0,OUTPUT,LVCMOS25*,0,12,SLOW,NONE**,,,LOCATED,NO,NONE,
A15,,DIFFSI,IP_L02N_0,UNUSED,,0,,,,,,,,,
A16,data_ready,IBUF,IO_L01N_0,INPUT,LVCMOS25*,0,,,,NONE,,LOCATED,NO,NONE,
A17,,,TCK,,,,,,,,,,,,
A18,,,GND,,,,,,,,,,,,
B1,,,PROG_B,,,,,,,,,,,,
B2,,,GND,,,,,,,,,,,,
B3,,DIFFS,IO_L25N_0/HSWAP,UNUSED,,0,,,,,,,,,
B4,g<0>,IOB,IO_L24N_0,OUTPUT,LVCMOS25*,0,12,SLOW,NONE**,,,LOCATED,NO,NONE,
B5,,DIFFSI,IP_L22N_0,UNUSED,,0,,,,,,,,,
B6,b<2>,IOB,IO_L20P_0,OUTPUT,LVCMOS25*,0,12,SLOW,NONE**,,,LOCATED,NO,NONE,
B7,,,VCCAUX,,,,,,,,2.5,,,,
B8,clk,IBUF,IP_L13P_0/GCLK8,INPUT,LVCMOS25*,0,,,,NONE,,LOCATED,NO,NONE,
B9,clk_50,IBUF,IP_L13N_0/GCLK9,INPUT,LVCMOS25*,0,,,,NONE,,LOCATED,NO,NONE,
B10,,DIFFM,IO_L12P_0/GCLK6,UNUSED,,0,,,,,,,,,
B11,led<3>,IOB,IO/VREF_0,OUTPUT,LVCMOS25*,0,12,SLOW,NONE**,,,LOCATED,NO,NONE,
B12,,,VCCAUX,,,,,,,,2.5,,,,
B13,led<12>,IOB,IO_L05N_0/VREF_0,OUTPUT,LVCMOS25*,0,12,SLOW,NONE**,,,LOCATED,NO,NONE,
B14,,DIFFM,IO_L04P_0,UNUSED,,0,,,,,,,,,
B15,,DIFFMI,IP_L02P_0,UNUSED,,0,,,,,,,,,
B16,,DIFFM,IO_L01P_0,UNUSED,,0,,,,,,,,,
B17,,,GND,,,,,,,,,,,,
B18,,IBUF,IP,UNUSED,,1,,,,,,,,,
C1,flash_byte,IOB,IO_L01P_3,OUTPUT,LVCMOS25*,3,12,SLOW,NONE**,,,LOCATED,NO,NONE,
C2,flash_vpen,IOB,IO_L01N_3,OUTPUT,LVCMOS25*,3,12,SLOW,NONE**,,,LOCATED,NO,NONE,
C3,r<1>,IOB,IO_L25P_0,OUTPUT,LVCMOS25*,0,12,SLOW,NONE**,,,LOCATED,NO,NONE,
C4,g<1>,IOB,IO,OUTPUT,LVCMOS25*,0,12,SLOW,NONE**,,,LOCATED,NO,NONE,
C5,g<2>,IOB,IO_L23P_0,OUTPUT,LVCMOS25*,0,12,SLOW,NONE**,,,LOCATED,NO,NONE,
C6,,,VCCO_0,,,0,,,,,2.50,,,,
C7,,DIFFM,IO_L18P_0,UNUSED,,0,,,,,,,,,
C8,,DIFFMI,IP_L16P_0,UNUSED,,0,,,,,,,,,
C9,,DIFFM,IO_L14P_0/GCLK10,UNUSED,,0,,,,,,,,,
C10,,,GND,,,,,,,,,,,,
C11,led<4>,IOB,IO_L09P_0,OUTPUT,LVCMOS25*,0,12,SLOW,NONE**,,,LOCATED,NO,NONE,
C12,,DIFFMI,IP_L07P_0,UNUSED,,0,,,,,,,,,
C13,,,VCCO_0,,,0,,,,,2.50,,,,
C14,data_rdn,IOB,IO_L03N_0/VREF_0,OUTPUT,LVCMOS25*,0,12,SLOW,NONE**,,,LOCATED,NO,NONE,
C15,,IBUF,IP,UNUSED,,0,,,,,,,,,
C16,,,TDO,,,,,,,,,,,,
C17,data_addr<0>,IOB,IO_L24N_1/LDC2,OUTPUT,LVCMOS25*,1,12,SLOW,NONE**,,,LOCATED,NO,NONE,
C18,data_addr<1>,IOB,IO_L24P_1/LDC1,OUTPUT,LVCMOS25*,1,12,SLOW,NONE**,,,LOCATED,NO,NONE,
D1,flash_rp,IOB,IO_L02P_3,OUTPUT,LVCMOS25*,3,12,SLOW,NONE**,,,LOCATED,NO,NONE,
D2,,DIFFS,IO_L02N_3/VREF_3,UNUSED,,3,,,,,,,,,
D3,,IBUF,IP,UNUSED,,3,,,,,,,,,
D4,flash_we,IOB,IO,OUTPUT,LVCMOS25*,3,12,SLOW,NONE**,,,LOCATED,NO,NONE,
D5,b<0>,IOB,IO_L23N_0/VREF_0,OUTPUT,LVCMOS25*,0,12,SLOW,NONE**,,,LOCATED,NO,NONE,
D6,hs,IOB,IO_L21P_0,OUTPUT,LVCMOS25*,0,12,SLOW,NONE**,,,LOCATED,NO,NONE,
D7,,DIFFS,IO_L18N_0/VREF_0,UNUSED,,0,,,,,,,,,
D8,,DIFFSI,IP_L16N_0,UNUSED,,0,,,,,,,,,
D9,,DIFFS,IO_L14N_0/GCLK11,UNUSED,,0,,,,,,,,,
D10,led<0>,IOB,IO_L11P_0/GCLK4,OUTPUT,LVCMOS25*,0,12,SLOW,NONE**,,,LOCATED,NO,NONE,
D11,led<5>,IOB,IO_L09N_0,OUTPUT,LVCMOS25*,0,12,SLOW,NONE**,,,LOCATED,NO,NONE,
D12,,DIFFSI,IP_L07N_0,UNUSED,,0,,,,,,,,,
D13,led<13>,IOB,IO,OUTPUT,LVCMOS25*,0,12,SLOW,NONE**,,,LOCATED,NO,NONE,
D14,tbre,IBUF,IO_L03P_0,INPUT,LVCMOS25*,0,,,,NONE,,LOCATED,NO,NONE,
D15,,,TMS,,,,,,,,,,,,
D16,data_addr<2>,IOB,IO_L23N_1/LDC0,OUTPUT,LVCMOS25*,1,12,SLOW,NONE**,,,LOCATED,NO,NONE,
D17,data_addr<3>,IOB,IO_L23P_1/HDC,OUTPUT,LVCMOS25*,1,12,SLOW,NONE**,,,LOCATED,NO,NONE,
D18,,IBUF,IP/VREF_1,UNUSED,,1,,,,,,,,,
E1,flash_oe,IOB,IO_L03N_3,OUTPUT,LVCMOS25*,3,12,SLOW,NONE**,,,LOCATED,NO,NONE,
E2,flash_ce2,IOB,IO_L03P_3,OUTPUT,LVCMOS25*,3,12,SLOW,NONE**,,,LOCATED,NO,NONE,
E3,flash_ce1,IOB,IO_L04N_3,OUTPUT,LVCMOS25*,3,12,SLOW,NONE**,,,LOCATED,NO,NONE,
E4,flash_ce,IOB,IO_L04P_3,OUTPUT,LVCMOS25*,3,12,SLOW,NONE**,,,LOCATED,NO,NONE,
E5,,,VCCINT,,,,,,,,1.2,,,,
E6,vs,IOB,IO_L21N_0,OUTPUT,LVCMOS25*,0,12,SLOW,NONE**,,,LOCATED,NO,NONE,
E7,,DIFFS,IO_L19N_0/VREF_0,UNUSED,,0,,,,,,,,,
E8,,DIFFM,IO_L17P_0,UNUSED,,0,,,,,,,,,
E9,,DIFFM,IO_L15P_0,UNUSED,,0,,,,,,,,,
E10,led<1>,IOB,IO_L11N_0/GCLK5,OUTPUT,LVCMOS25*,0,12,SLOW,NONE**,,,LOCATED,NO,NONE,
E11,led<6>,IOB,IO_L08P_0,OUTPUT,LVCMOS25*,0,12,SLOW,NONE**,,,LOCATED,NO,NONE,
E12,led<9>,IOB,IO_L06N_0,OUTPUT,LVCMOS25*,0,12,SLOW,NONE**,,,LOCATED,NO,NONE,
E13,led<14>,IOB,IO,OUTPUT,LVCMOS25*,0,12,SLOW,NONE**,,,LOCATED,NO,NONE,
E14,,,VCCINT,,,,,,,,1.2,,,,
E15,data_addr<4>,IOB,IO_L22P_1,OUTPUT,LVCMOS25*,1,12,SLOW,NONE**,,,LOCATED,NO,NONE,
E16,data_addr<5>,IOB,IO_L22N_1,OUTPUT,LVCMOS25*,1,12,SLOW,NONE**,,,LOCATED,NO,NONE,
E17,,IBUF,IP,UNUSED,,1,,,,,,,,,
E18,,IBUF,IP,UNUSED,,1,,,,,,,,,
F1,flash_data<15>,IBUF,IO_L05P_3,INPUT,LVCMOS25*,3,,,,NONE,,LOCATED,NO,NONE,
F2,flash_data<14>,IBUF,IO_L05N_3,INPUT,LVCMOS25*,3,,,,NONE,,LOCATED,NO,NONE,
F3,,,VCCO_3,,,3,,,,,2.50,,,,
F4,,IBUF,IP,UNUSED,,3,,,,,,,,,
F5,,IBUF,IP,UNUSED,,3,,,,,,,,,
F6,,,VCCINT,,,,,,,,1.2,,,,
F7,,DIFFM,IO_L19P_0,UNUSED,,0,,,,,,,,,
F8,,DIFFS,IO_L17N_0,UNUSED,,0,,,,,,,,,
F9,,DIFFS,IO_L15N_0,UNUSED,,0,,,,,,,,,
F10,,DIFFMI,IP_L10P_0,UNUSED,,0,,,,,,,,,
F11,led<7>,IOB,IO_L08N_0,OUTPUT,LVCMOS25*,0,12,SLOW,NONE**,,,LOCATED,NO,NONE,
F12,led<10>,IOB,IO_L06P_0,OUTPUT,LVCMOS25*,0,12,SLOW,NONE**,,,LOCATED,NO,NONE,
F13,,,VCCINT,,,,,,,,1.2,,,,
F14,data_addr<6>,IOB,IO_L21N_1,OUTPUT,LVCMOS25*,1,12,SLOW,NONE**,,,LOCATED,NO,NONE,
F15,data_addr<7>,IOB,IO_L21P_1,OUTPUT,LVCMOS25*,1,12,SLOW,NONE**,,,LOCATED,NO,NONE,
F16,,,VCCO_1,,,1,,,,,2.50,,,,
F17,data_addr<8>,IOB,IO_L19N_1,OUTPUT,LVCMOS25*,1,12,SLOW,NONE**,,,LOCATED,NO,NONE,
F18,data_addr<9>,IOB,IO_L19P_1,OUTPUT,LVCMOS25*,1,12,SLOW,NONE**,,,LOCATED,NO,NONE,
G1,,IBUF,IP,UNUSED,,3,,,,,,,,,
G2,,,VCCAUX,,,,,,,,2.5,,,,
G3,flash_data<13>,IBUF,IO_L06P_3,INPUT,LVCMOS25*,3,,,,NONE,,LOCATED,NO,NONE,
G4,flash_data<12>,IBUF,IO_L06N_3/VREF_3,INPUT,LVCMOS25*,3,,,,NONE,,LOCATED,NO,NONE,
G5,flash_data<11>,IBUF,IO_L07N_3,INPUT,LVCMOS25*,3,,,,NONE,,LOCATED,NO,NONE,
G6,flash_data<10>,IBUF,IO_L07P_3,INPUT,LVCMOS25*,3,,,,NONE,,LOCATED,NO,NONE,
G7,,,GND,,,,,,,,,,,,
G8,,,VCCO_0,,,0,,,,,2.50,,,,
G9,,IOB,IO,UNUSED,,0,,,,,,,,,
G10,,DIFFSI,IP_L10N_0,UNUSED,,0,,,,,,,,,
G11,,,VCCO_0,,,0,,,,,2.50,,,,
G12,,,GND,,,,,,,,,,,,
G13,data_addr<10>,IOB,IO_L20N_1,OUTPUT,LVCMOS25*,1,12,SLOW,NONE**,,,LOCATED,NO,NONE,
G14,data_addr<11>,IOB,IO_L20P_1,OUTPUT,LVCMOS25*,1,12,SLOW,NONE**,,,LOCATED,NO,NONE,
G15,data_addr<12>,IOB,IO_L18P_1,OUTPUT,LVCMOS25*,1,12,SLOW,NONE**,,,LOCATED,NO,NONE,
G16,data_addr<13>,IOB,IO_L18N_1,OUTPUT,LVCMOS25*,1,12,SLOW,NONE**,,,LOCATED,NO,NONE,
G17,,,VCCAUX,,,,,,,,2.5,,,,
G18,,IBUF,IP,UNUSED,,1,,,,,,,,,
H1,flash_data<9>,IBUF,IO_L10N_3,INPUT,LVCMOS25*,3,,,,NONE,,LOCATED,NO,NONE,
H2,flash_data<8>,IBUF,IO_L10P_3,INPUT,LVCMOS25*,3,,,,NONE,,LOCATED,NO,NONE,
H3,flash_data<7>,IBUF,IO_L09N_3,INPUT,LVCMOS25*,3,,,,NONE,,LOCATED,NO,NONE,
H4,flash_data<6>,IBUF,IO_L09P_3,INPUT,LVCMOS25*,3,,,,NONE,,LOCATED,NO,NONE,
H5,flash_data<5>,IBUF,IO_L08N_3,INPUT,LVCMOS25*,3,,,,NONE,,LOCATED,NO,NONE,
H6,flash_data<4>,IBUF,IO_L08P_3,INPUT,LVCMOS25*,3,,,,NONE,,LOCATED,NO,NONE,
H7,,,VCCO_3,,,3,,,,,2.50,,,,
H8,,,GND,,,,,,,,,,,,
H9,,,GND,,,,,,,,,,,,
H10,,,GND,,,,,,,,,,,,
H11,,,GND,,,,,,,,,,,,
H12,,,VCCO_1,,,1,,,,,2.50,,,,
H13,,IBUF,IP,UNUSED,,1,,,,,,,,,
H14,data_addr<14>,IOB,IO_L17P_1,OUTPUT,LVCMOS25*,1,12,SLOW,NONE**,,,LOCATED,NO,NONE,
H15,data_addr<15>,IOB,IO_L17N_1,OUTPUT,LVCMOS25*,1,12,SLOW,NONE**,,,LOCATED,NO,NONE,
H16,data_addr<16>,IOB,IO_L16P_1,OUTPUT,LVCMOS25*,1,12,SLOW,NONE**,,,LOCATED,NO,NONE,
H17,data_addr<17>,IOB,IO_L16N_1/A0,OUTPUT,LVCMOS25*,1,12,SLOW,NONE**,,,LOCATED,NO,NONE,
H18,,IBUF,IP/VREF_1,UNUSED,,1,,,,,,,,,
J1,flash_data<3>,IBUF,IO_L12P_3/LHCLK2,INPUT,LVCMOS25*,3,,,,NONE,,LOCATED,NO,NONE,
J2,flash_data<2>,IBUF,IO_L12N_3/LHCLK3/IRDY2,INPUT,LVCMOS25*,3,,,,NONE,,LOCATED,NO,NONE,
J3,,,GND,,,,,,,,,,,,
J4,flash_data<1>,IBUF,IO_L11N_3/LHCLK1,INPUT,LVCMOS25*,3,,,,NONE,,LOCATED,NO,NONE,
J5,flash_data<0>,IBUF,IO_L11P_3/LHCLK0,INPUT,LVCMOS25*,3,,,,NONE,,LOCATED,NO,NONE,
J6,sub_keys<7>,IBUF,IP/VREF_3,INPUT,LVCMOS25*,3,,,,NONE,,LOCATED,NO,NONE,
J7,sub_keys<6>,IBUF,IP,INPUT,LVCMOS25*,3,,,,NONE,,LOCATED,NO,NONE,
J8,,,GND,,,,,,,,,,,,
J11,,,GND,,,,,,,,,,,,
J12,data1<0>,IOB,IO_L15P_1/A2,BIDIR,LVCMOS25*,1,12,SLOW,NONE**,NONE,,LOCATED,YES,NONE,
J13,data1<1>,IOB,IO_L15N_1/A1,BIDIR,LVCMOS25*,1,12,SLOW,NONE**,NONE,,LOCATED,YES,NONE,
J14,data1<2>,IOB,IO_L14N_1/A3/RHCLK7,BIDIR,LVCMOS25*,1,12,SLOW,NONE**,NONE,,LOCATED,YES,NONE,
J15,data1<3>,IOB,IO_L14P_1/A4/RHCLK6,BIDIR,LVCMOS25*,1,12,SLOW,NONE**,NONE,,LOCATED,YES,NONE,
J16,data1<4>,IOB,IO_L13N_1/A5/RHCLK5,BIDIR,LVCMOS25*,1,12,SLOW,NONE**,NONE,,LOCATED,YES,NONE,
J17,data1<5>,IOB,IO_L13P_1/A6/RHCLK4/IRDY1,BIDIR,LVCMOS25*,1,12,SLOW,NONE**,NONE,,LOCATED,YES,NONE,
J18,,,VCCO_1,,,1,,,,,2.50,,,,
K1,,,VCCO_3,,,3,,,,,2.50,,,,
K2,sub_keys<5>,IBUF,IP,INPUT,LVCMOS25*,3,,,,NONE,,LOCATED,NO,NONE,
K3,,DIFFM,IO_L13P_3/LHCLK4/TRDY2,UNUSED,,3,,,,,,,,,
K4,flash_addr<22>,IOB,IO_L13N_3/LHCLK5,OUTPUT,LVCMOS25*,3,12,SLOW,NONE**,,,LOCATED,NO,NONE,
K5,flash_addr<21>,IOB,IO_L14N_3/LHCLK7,OUTPUT,LVCMOS25*,3,12,SLOW,NONE**,,,LOCATED,NO,NONE,
K6,flash_addr<20>,IOB,IO_L14P_3/LHCLK6,OUTPUT,LVCMOS25*,3,12,SLOW,NONE**,,,LOCATED,NO,NONE,
K7,sub_keys<4>,IBUF,IP,INPUT,LVCMOS25*,3,,,,NONE,,LOCATED,NO,NONE,
K8,,,GND,,,,,,,,,,,,
K11,,,GND,,,,,,,,,,,,
K12,data1<6>,IOB,IO_L11N_1/A9/RHCLK1,BIDIR,LVCMOS25*,1,12,SLOW,NONE**,NONE,,LOCATED,YES,NONE,
K13,data1<7>,IOB,IO_L11P_1/A10/RHCLK0,BIDIR,LVCMOS25*,1,12,SLOW,NONE**,NONE,,LOCATED,YES,NONE,
K14,data1<8>,IOB,IO_L12N_1/A7/RHCLK3/TRDY1,BIDIR,LVCMOS25*,1,12,SLOW,NONE**,NONE,,LOCATED,YES,NONE,
K15,data1<9>,IOB,IO_L12P_1/A8/RHCLK2,BIDIR,LVCMOS25*,1,12,SLOW,NONE**,NONE,,LOCATED,YES,NONE,
K16,,,GND,,,,,,,,,,,,
K17,,IBUF,IP,UNUSED,,1,,,,,,,,,
K18,,IBUF,IP,UNUSED,,1,,,,,,,,,
L1,flash_addr<19>,IOB,IO_L15P_3,OUTPUT,LVCMOS25*,3,12,SLOW,NONE**,,,LOCATED,NO,NONE,
L2,flash_addr<18>,IOB,IO_L15N_3,OUTPUT,LVCMOS25*,3,12,SLOW,NONE**,,,LOCATED,NO,NONE,
L3,flash_addr<17>,IOB,IO_L16P_3,OUTPUT,LVCMOS25*,3,12,SLOW,NONE**,,,LOCATED,NO,NONE,
L4,flash_addr<16>,IOB,IO_L16N_3,OUTPUT,LVCMOS25*,3,12,SLOW,NONE**,,,LOCATED,NO,NONE,
L5,flash_addr<15>,IOB,IO_L17N_3/VREF_3,OUTPUT,LVCMOS25*,3,12,SLOW,NONE**,,,LOCATED,NO,NONE,
L6,flash_addr<14>,IOB,IO_L17P_3,OUTPUT,LVCMOS25*,3,12,SLOW,NONE**,,,LOCATED,NO,NONE,
L7,,,VCCO_3,,,3,,,,,2.50,,,,
L8,,,GND,,,,,,,,,,,,
L9,,,GND,,,,,,,,,,,,
L10,,,GND,,,,,,,,,,,,
L11,,,GND,,,,,,,,,,,,
L12,,,VCCO_1,,,1,,,,,2.50,,,,
L13,,IBUF,IP,UNUSED,,1,,,,,,,,,
L14,,IBUF,IP,UNUSED,,1,,,,,,,,,
L15,data1<10>,IOB,IO_L09N_1/A11,BIDIR,LVCMOS25*,1,12,SLOW,NONE**,NONE,,LOCATED,YES,NONE,
L16,data1<11>,IOB,IO_L09P_1/A12,BIDIR,LVCMOS25*,1,12,SLOW,NONE**,NONE,,LOCATED,YES,NONE,
L17,data1<12>,IOB,IO_L10N_1/VREF_1,BIDIR,LVCMOS25*,1,12,SLOW,NONE**,NONE,,LOCATED,YES,NONE,
L18,data1<13>,IOB,IO_L10P_1,BIDIR,LVCMOS25*,1,12,SLOW,NONE**,NONE,,LOCATED,YES,NONE,
M1,sub_keys<3>,IBUF,IP,INPUT,LVCMOS25*,3,,,,NONE,,LOCATED,NO,NONE,
M2,,,VCCAUX,,,,,,,,2.5,,,,
M3,flash_addr<13>,IOB,IO_L18N_3,OUTPUT,LVCMOS25*,3,12,SLOW,NONE**,,,LOCATED,NO,NONE,
M4,flash_addr<12>,IOB,IO_L18P_3,OUTPUT,LVCMOS25*,3,12,SLOW,NONE**,,,LOCATED,NO,NONE,
M5,flash_addr<11>,IOB,IO_L19P_3,OUTPUT,LVCMOS25*,3,12,SLOW,NONE**,,,LOCATED,NO,NONE,
M6,flash_addr<10>,IOB,IO_L19N_3,OUTPUT,LVCMOS25*,3,12,SLOW,NONE**,,,LOCATED,NO,NONE,
M7,,,GND,,,,,,,,,,,,
M8,,,VCCO_2,,,2,,,,,2.50,,,,
M9,ins_we,IOB,IO_L12N_2/D6/GCLK13,OUTPUT,LVCMOS25*,2,12,SLOW,NONE**,,,LOCATED,NO,NONE,
M10,,DIFFM,IO_L16P_2/M0,UNUSED,,2,,,,,,,,,
M11,,,VCCO_2,,,2,,,,,2.50,,,,
M12,,,GND,,,,,,,,,,,,
M13,data1<14>,IOB,IO_L05N_1/VREF_1,BIDIR,LVCMOS25*,1,12,SLOW,NONE**,NONE,,LOCATED,YES,NONE,
M14,data1<15>,IOB,IO_L05P_1,BIDIR,LVCMOS25*,1,12,SLOW,NONE**,NONE,,LOCATED,YES,NONE,
M15,data_ce,IOB,IO_L07P_1,OUTPUT,LVCMOS25*,1,12,SLOW,NONE**,,,LOCATED,YES,NONE,
M16,data_oe,IOB,IO_L07N_1,OUTPUT,LVCMOS25*,1,12,SLOW,NONE**,,,LOCATED,YES,NONE,
M17,,,VCCAUX,,,,,,,,2.5,,,,
M18,data_we,IOB,IO_L08N_1,OUTPUT,LVCMOS25*,1,12,SLOW,NONE**,,,LOCATED,NO,NONE,
N1,sub_keys<2>,IBUF,IP,INPUT,LVCMOS25*,3,,,,NONE,,LOCATED,NO,NONE,
N2,sub_keys<1>,IBUF,IP,INPUT,LVCMOS25*,3,,,,NONE,,LOCATED,NO,NONE,
N3,,,VCCO_3,,,3,,,,,2.50,,,,
N4,flash_addr<9>,IOB,IO_L20P_3,OUTPUT,LVCMOS25*,3,12,SLOW,NONE**,,,LOCATED,NO,NONE,
N5,flash_addr<8>,IOB,IO_L20N_3,OUTPUT,LVCMOS25*,3,12,SLOW,NONE**,,,LOCATED,NO,NONE,
N6,,,VCCINT,,,,,,,,1.2,,,,
N7,,DIFFM,IO_L07P_2,UNUSED,,2,,,,,,,,,
N8,,DIFFS,IO_L09N_2,UNUSED,,2,,,,,,,,,
N9,tsre,IBUF,IO_L12P_2/D7/GCLK12,INPUT,LVCMOS25*,2,,,,NONE,,LOCATED,NO,NONE,
N10,ins_ce,IOB,IO_L16N_2/DIN/D0,OUTPUT,LVCMOS25*,2,12,SLOW,NONE**,,,LOCATED,NO,NONE,
N11,,DIFFS,IO_L18N_2,UNUSED,,2,,,,,,,,,
N12,,DIFFM,IO_L21P_2,UNUSED,,2,,,,,,,,,
N13,,,VCCINT,,,,,,,,1.2,,,,
N14,ins_addr<0>,IOB,IO_L04N_1,OUTPUT,LVCMOS25*,1,12,SLOW,NONE**,,,LOCATED,NO,NONE,
N15,ins_addr<1>,IOB,IO_L04P_1,OUTPUT,LVCMOS25*,1,12,SLOW,NONE**,,,LOCATED,NO,NONE,
N16,,,VCCO_1,,,1,,,,,2.50,,,,
N17,,IBUF,IP,UNUSED,,1,,,,,,,,,
N18,ins_addr<2>,IOB,IO_L08P_1,OUTPUT,LVCMOS25*,1,12,SLOW,NONE**,,,LOCATED,NO,NONE,
P1,flash_addr<7>,IOB,IO_L21N_3,OUTPUT,LVCMOS25*,3,12,SLOW,NONE**,,,LOCATED,NO,NONE,
P2,flash_addr<6>,IOB,IO_L21P_3,OUTPUT,LVCMOS25*,3,12,SLOW,NONE**,,,LOCATED,NO,NONE,
P3,flash_addr<5>,IOB,IO_L22P_3,OUTPUT,LVCMOS25*,3,12,SLOW,NONE**,,,LOCATED,NO,NONE,
P4,flash_addr<4>,IOB,IO_L22N_3,OUTPUT,LVCMOS25*,3,12,SLOW,NONE**,,,LOCATED,NO,NONE,
P5,,,VCCINT,,,,,,,,1.2,,,,
P6,,DIFFS,IO_L05N_2,UNUSED,,2,,,,,,,,,
P7,,DIFFS,IO_L07N_2,UNUSED,,2,,,,,,,,,
P8,,DIFFM,IO_L09P_2,UNUSED,,2,,,,,,,,,
P9,,IOB,IO,UNUSED,,2,,,,,,,,,
P10,,DIFFS,IO_L15N_2/D1/GCLK3,UNUSED,,2,,,,,,,,,
P11,,DIFFM,IO_L18P_2,UNUSED,,2,,,,,,,,,
P12,,DIFFS,IO_L21N_2,UNUSED,,2,,,,,,,,,
P13,,DIFFM,IO_L22P_2/A23,UNUSED,,2,,,,,,,,,
P14,,,VCCINT,,,,,,,,1.2,,,,
P15,,IBUF,IP,UNUSED,,1,,,,,,,,,
P16,ins_addr<3>,IOB,IO,OUTPUT,LVCMOS25*,1,12,SLOW,NONE**,,,LOCATED,NO,NONE,
P17,ins_addr<4>,IOB,IO_L06P_1,OUTPUT,LVCMOS25*,1,12,SLOW,NONE**,,,LOCATED,NO,NONE,
P18,ins_addr<5>,IOB,IO_L06N_1,OUTPUT,LVCMOS25*,1,12,SLOW,NONE**,,,LOCATED,NO,NONE,
R1,sub_keys<0>,IBUF,IP,INPUT,LVCMOS25*,3,,,,NONE,,LOCATED,NO,NONE,
R2,flash_addr<3>,IOB,IO_L23N_3,OUTPUT,LVCMOS25*,3,12,SLOW,NONE**,,,LOCATED,NO,NONE,
R3,flash_addr<2>,IOB,IO_L23P_3,OUTPUT,LVCMOS25*,3,12,SLOW,NONE**,,,LOCATED,NO,NONE,
R4,main_keys<7>,IBUF,IP/VREF_3,INPUT,LVCMOS25*,3,,,,NONE,,LOCATED,NO,NONE,
R5,,DIFFM,IO_L04P_2,UNUSED,,2,,,,,,,,,
R6,,DIFFM,IO_L05P_2,UNUSED,,2,,,,,,,,,
R7,main_keys<1>,IBUF,IP_L08N_2,INPUT,LVCMOS25*,2,,,,NONE,,LOCATED,NO,NONE,
R8,,DIFFM,IO_L10P_2,UNUSED,,2,,,,,,,,,
R9,ins_oe,IOB,IO/D5,OUTPUT,LVCMOS25*,2,12,SLOW,NONE**,,,LOCATED,NO,NONE,
R10,,DIFFM,IO_L15P_2/D2/GCLK2,UNUSED,,2,,,,,,,,,
R11,,IOB,IO,UNUSED,,2,,,,,,,,,
R12,,DIFFS,IO_L20N_2,UNUSED,,2,,,,,,,,,
R13,,DIFFS,IO_L22N_2/A22,UNUSED,,2,,,,,,,,,
R14,,DIFFS,IO_L24N_2/A20,UNUSED,,2,,,,,,,,,
R15,ins_addr<6>,IOB,IO_L03P_1,OUTPUT,LVCMOS25*,1,12,SLOW,NONE**,,,LOCATED,NO,NONE,
R16,ins_addr<7>,IOB,IO_L03N_1/VREF_1,OUTPUT,LVCMOS25*,1,12,SLOW,NONE**,,,LOCATED,NO,NONE,
R17,,IBUF,IP,UNUSED,,1,,,,,,,,,
R18,ins_addr<8>,IOB,IO_L02P_1/A14,OUTPUT,LVCMOS25*,1,12,SLOW,NONE**,,,LOCATED,NO,NONE,
T1,flash_addr<1>,IOB,IO_L24N_3,OUTPUT,LVCMOS25*,3,12,SLOW,NONE**,,,LOCATED,NO,NONE,
T2,flash_addr<0>,IOB,IO_L24P_3,OUTPUT,LVCMOS25*,3,12,SLOW,NONE**,,,LOCATED,NO,NONE,
T3,,DIFFS,IO_L01N_2/INIT_B,UNUSED,,2,,,,,,,,,
T4,,DIFFS,IO_L03N_2/MOSI/CSI_B,UNUSED,,2,,,,,,,,,
T5,,DIFFS,IO_L04N_2,UNUSED,,2,,,,,,,,,
T6,,,VCCO_2,,,2,,,,,2.50,,,,
T7,main_keys<0>,IBUF,IP_L08P_2,INPUT,LVCMOS25*,2,,,,NONE,,LOCATED,NO,NONE,
T8,,DIFFS,IO_L10N_2,UNUSED,,2,,,,,,,,,
T9,,,GND,,,,,,,,,,,,
T10,,DIFFSI,IP_L14N_2/M2/GCLK1,UNUSED,,2,,,,,,,,,
T11,,DIFFMI,IP_L17P_2,UNUSED,,2,,,,,,,,,
T12,,DIFFM,IO_L20P_2,UNUSED,,2,,,,,,,,,
T13,,,VCCO_2,,,2,,,,,2.50,,,,
T14,,DIFFM,IO_L24P_2/A21,UNUSED,,2,,,,,,,,,
T15,,IOB,IO/VREF_2,UNUSED,,2,,,,,,,,,
T16,,DIFFM,IO_L26P_2/VS0/A17,UNUSED,,2,,,,,,,,,
T17,ins_addr<9>,IOB,IO_L01N_1/A15,OUTPUT,LVCMOS25*,1,12,SLOW,NONE**,,,LOCATED,NO,NONE,
T18,ins_addr<10>,IOB,IO_L02N_1/A13,OUTPUT,LVCMOS25*,1,12,SLOW,NONE**,,,LOCATED,NO,NONE,
U1,main_keys<6>,IBUF,IP,INPUT,LVCMOS25*,3,,,,NONE,,LOCATED,NO,NONE,
U2,,,GND,,,,,,,,,,,,
U3,,DIFFM,IO_L01P_2/CSO_B,UNUSED,,2,,,,,,,,,
U4,,DIFFM,IO_L03P_2/DOUT/BUSY,UNUSED,,2,,,,,,,,,
U5,data_wrn,IOB,IO/VREF_2,OUTPUT,LVCMOS25*,2,12,SLOW,NONE**,,,LOCATED,NO,NONE,
U6,key_clk,IBUF,IO,INPUT,LVCMOS25*,2,,,,NONE,,LOCATED,NO,NONE,
U7,,,VCCAUX,,,,,,,,2.5,,,,
U8,main_keys<2>,IBUF,IP_L11P_2,INPUT,LVCMOS25*,2,,,,NONE,,LOCATED,NO,NONE,
U9,click,IBUF,IO_L13P_2/D4/GCLK14,INPUT,LVCMOS25*,2,,,,NONE,,LOCATED,NO,NONE,
U10,rst,IBUF,IP_L14P_2/RDWR_B/GCLK0,INPUT,LVCMOS25*,2,,,,NONE,,LOCATED,NO,NONE,
U11,,DIFFSI,IP_L17N_2,UNUSED,,2,,,,,,,,,
U12,,,VCCAUX,,,,,,,,2.5,,,,
U13,,IOB,IO,UNUSED,,2,,,,,,,,,
U14,,DIFFSI,IP_L23N_2,UNUSED,,2,,,,,,,,,
U15,ins_addr<17>,IOB,IO_L25N_2/VS1/A18,OUTPUT,LVCMOS25*,2,12,SLOW,NONE**,,,LOCATED,NO,NONE,
U16,ins_addr<16>,IOB,IO_L26N_2/CCLK,OUTPUT,LVCMOS25*,2,12,SLOW,NONE**,,,LOCATED,NO,NONE,
U17,,,GND,,,,,,,,,,,,
U18,ins_addr<11>,IOB,IO_L01P_1/A16,OUTPUT,LVCMOS25*,1,12,SLOW,NONE**,,,LOCATED,NO,NONE,
V1,,,GND,,,,,,,,,,,,
V2,main_keys<5>,IBUF,IP,INPUT,LVCMOS25*,2,,,,NONE,,LOCATED,NO,NONE,
V3,main_keys<4>,IBUF,IP_L02N_2,INPUT,LVCMOS25*,2,,,,NONE,,LOCATED,NO,NONE,
V4,main_keys<3>,IBUF,IP_L02P_2,INPUT,LVCMOS25*,2,,,,NONE,,LOCATED,NO,NONE,
V5,,DIFFM,IO_L06P_2,UNUSED,,2,,,,,,,,,
V6,key_data,IBUF,IO_L06N_2/VREF_2,INPUT,LVCMOS25*,2,,,,NONE,,LOCATED,NO,NONE,
V7,clock_keyboard,IOB,IO,OUTPUT,LVCMOS25*,2,12,SLOW,NONE**,,,LOCATED,NO,NONE,
V8,,DIFFSI,IP_L11N_2/VREF_2,UNUSED,,2,,,,,,,,,
V9,ins_addr<15>,IOB,IO_L13N_2/D3/GCLK15,OUTPUT,LVCMOS25*,2,12,SLOW,NONE**,,,LOCATED,NO,NONE,
V10,,,VCCO_2,,,2,,,,,2.50,,,,
V11,,IOB,IO/M1,UNUSED,,2,,,,,,,,,
V12,ins_addr<14>,IOB,IO_L19P_2,OUTPUT,LVCMOS25*,2,12,SLOW,NONE**,,,LOCATED,NO,NONE,
V13,ins_addr<13>,IOB,IO_L19N_2/VREF_2,OUTPUT,LVCMOS25*,2,12,SLOW,NONE**,,,LOCATED,NO,NONE,
V14,,DIFFMI,IP_L23P_2,UNUSED,,2,,,,,,,,,
V15,ins_addr<12>,IOB,IO_L25P_2/VS2/A19,OUTPUT,LVCMOS25*,2,12,SLOW,NONE**,,,LOCATED,NO,NONE,
V16,,IBUF,IP,UNUSED,,2,,,,,,,,,
V17,,,DONE,,,,,,,,,,,,
V18,,,GND,,,,,,,,,,,,

# -----,-----,-----,-----,-----,-----,-----,-----,-----,-----,-----,-----,-----,-----,-----,
# 
#* Default value.
#** This default Pullup/Pulldown value can be overridden in Bitgen. 
#****** Special VCCO requirements may apply. Please consult the device 
#       family datasheet for specific guideline on VCCO requirements. 
#
#
#